"business_city","count"
"NEW YORK","622"
"HOUSTON","160"
"VANCOUVER","152"
"CHICAGO","128"
"BOSTON","127"
"DALLAS","109"
"SAN DIEGO","94"
"SAN FRANCISCO","86"
"TORONTO","83"
"ATLANTA","82"
"LAS VEGAS","82"
"WILMINGTON","80"
"SINGAPORE","75"
"LONDON","61"
"DENVER","59"
"LOS ANGELES","57"
"BEIJING","56"
"SHANGHAI","55"
"AUSTIN","53"
"MIAMI","52"
"CAMBRIDGE","50"
"IRVINE","46"
"PHILADELPHIA","46"
"CHARLOTTE","46"
"HONG KONG","46"
"SAN JOSE","44"
"STAMFORD","40"
"SOUTH SAN FRANCISCO","34"
"SEATTLE","34"
"SCOTTSDALE","34"
"BOCA RATON","33"
"GRAND CAYMAN","33"
"HAMILTON","32"
"PHOENIX","31"
"SALT LAKE CITY","31"
"MILWAUKEE","30"
"MINNEAPOLIS","30"
"WALTHAM","30"
"ORLANDO","29"
"PITTSBURGH","27"
"CALGARY","26"
"TOKYO","26"
"TAMPA","26"
"FORT LAUDERDALE","25"
"BETHESDA","25"
"SANTA CLARA","24"
"RENO","23"
"WEST PALM BEACH","23"
"COLUMBUS","22"
"PLANO","22"
"PALO ALTO","22"
"THE WOODLANDS","22"
"REDWOOD CITY","22"
"IRVING","21"
"DOWNERS GROVE","20"
"FREMONT","20"
"NEWARK","20"
"TEL AVIV","20"
"SAN MATEO","19"
"JACKSONVILLE","19"
"RICHMOND","19"
"LOUISVILLE","18"
"MCLEAN","18"
"ARLINGTON","17"
"CINCINNATI","17"
"DUBLIN","17"
"CLEVELAND","17"
"WASHINGTON","17"
"RYE","17"
"SHENZHEN","17"
"RESTON","16"
"GREENWICH","16"
"TULSA","16"
"ENGLEWOOD","16"
"PRINCETON","15"
"SAN ANTONIO","15"
"OKLAHOMA CITY","15"
"OMAHA","15"
"BURLINGTON","15"
"SANTA MONICA","15"
"KUALA LUMPUR","15"
"FORT WORTH","14"
"CARLSBAD","14"
"MOUNTAIN VIEW","14"
"NEWPORT BEACH","13"
"KOWLOON","13"
"WATERTOWN","13"
"BEVERLY HILLS","13"
"NASHVILLE","12"
"PASADENA","12"
"GREENWOOD VILLAGE","12"
"MENLO PARK","12"
"MIAMI BEACH","12"
"TEMPE","12"
"PORTLAND","12"
"ROCKVILLE","12"
"SUNNYVALE","12"
"LUXEMBOURG","12"
"SAO PAULO","12"
"LEXINGTON","12"
"MONTREAL","12"
"CHAOYANG DISTRICT, BEIJING","12"
"OAKLAND","11"
"INDIANAPOLIS","11"
"MIDLAND","11"
"MELVILLE","11"
"MALVERN","11"
"WANCHAI","11"
"GREENFIELD","11"
"DURHAM","11"
"ATHENS","11"
"BROOKLYN","10"
"HENDERSON","10"
"EDEN PRAIRIE","10"
"HANGZHOU","10"
"ST. LOUIS","10"
"BIRMINGHAM","10"
"EMERYVILLE","10"
"SARASOTA","10"
"BRENTWOOD","10"
"JERSEY CITY","10"
"NEWTON","10"
"LA JOLLA","10"
"HONOLULU","9"
"ST LOUIS","9"
"ROCHESTER","9"
"CHANDLER","9"
"NAPERVILLE","9"
"PARSIPPANY","9"
"ALPHARETTA","9"
"BOISE","9"
"DUBLIN 2","9"
"PARIS","9"
"RALEIGH","9"
"WALNUT CREEK","9"
"PEMBROKE","9"
"BUENOS AIRES","9"
"BALTIMORE","8"
"WINTER PARK","8"
"BROOMFIELD","8"
"GRAND RAPIDS","8"
"TORRANCE","8"
"LAKEWOOD","8"
"AMSTERDAM","8"
"WESTLAKE VILLAGE","8"
"MARLBOROUGH","8"
"NAPLES","8"
"BEDFORD","8"
"BOULDER","8"
"REHOVOT","8"
"BRISBANE","8"
"DUBAI","8"
"GUANGZHOU","8"
"LITTLE ROCK","7"
"CENTENNIAL","7"
"CORAL GABLES","7"
"KANSAS CITY","7"
"COSTA MESA","7"
"MEMPHIS","7"
"JACKSON","7"
"RADNOR","7"
"DULUTH","7"
"BELLEVUE","7"
"GLEN ALLEN","7"
"LAKE FOREST","7"
"WAYNE","7"
"NORWALK","7"
"VIRGINIA BEACH","7"
"TUCSON","7"
"MELBOURNE","7"
"OVERLAND PARK","7"
"SUGAR LAND","7"
"ANN ARBOR","7"
"FOSTER CITY","7"
"SANTA ANA","7"
"PLEASANTON","7"
"MISSISSAUGA","7"
"JUPITER","7"
"SHELTON","6"
"WESTMINSTER","6"
"DOVER","6"
"DETROIT","6"
"TROY","6"
"EL SEGUNDO","6"
"REDMOND","6"
"JERICHO","6"
"SPRINGFIELD","6"
"GREENSBORO","6"
"PROVIDENCE","6"
"FRAMINGHAM","6"
"LEHI","6"
"MADISON","6"
"CARSON CITY","6"
"LONG BEACH","6"
"PALM BEACH GARDENS","6"
"ZURICH","6"
"WARREN","6"
"NOVATO","6"
"SEOUL","6"
"ZUG","6"
"NEEDHAM","6"
"CARMEL","6"
"WHEATON","6"
"PLANTATION","6"
"CHATTANOOGA","5"
"HAUPPAUGE","5"
"ST PAUL","5"
"AKRON","5"
"SHERIDAN","5"
"ALBANY","5"
"COLUMBIA","5"
"CLAYTON","5"
"PURCHASE","5"
"LONG ISLAND CITY","5"
"SOUTHFIELD","5"
"HAMPTON","5"
"ANDOVER","5"
"CUPERTINO","5"
"GLENDALE","5"
"WARSAW","5"
"CULVER CITY","5"
"CLEARWATER","5"
"MORRISVILLE","5"
"ONTARIO","5"
"KING OF PRUSSIA","5"
"FRANKLIN","5"
"LIMASSOL","5"
"NORTHBROOK","5"
"SAN CLEMENTE","5"
"BATON ROUGE","5"
"LITTLETON","5"
"WORCESTER","5"
"OAK BROOK","5"
"SURREY","5"
"GAITHERSBURG","5"
"HERNDON","5"
"SILVER SPRING","5"
"BEDMINSTER","5"
"FLUSHING","5"
"POMPANO BEACH","5"
"OAKVILLE","5"
"ITASCA","5"
"TAIPEI CITY","5"
"NEW HAVEN","5"
"WOBURN","5"
"GUANGDONG PROVINCE","5"
"JERUSALEM","5"
"SAN CARLOS","5"
"Vancouver","5"
"FLORHAM PARK","5"
"ADDISON","4"
"MORRISTOWN","4"
"ANAHEIM","4"
"DEERFIELD","4"
"TOKYO JAPAN","4"
"FAIRFIELD","4"
"BLOOMINGTON","4"
"EVANSVILLE","4"
"BUFFALO","4"
"NORTH BETHESDA","4"
"ROSEVILLE","4"
"HOLLYWOOD","4"
"NEW ORLEANS","4"
"SAO PAULO, SP","4"
"ALBUQUERQUE","4"
"SCHAUMBURG","4"
"MIRAMAR","4"
"NOVI","4"
"SPOKANE","4"
"TORONTO, ONTARIO","4"
"LOWELL","4"
"VIENNA","4"
"CHARLESTON","4"
"EXTON","4"
"HOBOKEN","4"
"GREENVILLE","4"
"SYDNEY","4"
"KNOXVILLE","4"
"MILPITAS","4"
"RICHARDSON","4"
"THOUSAND OAKS","4"
"MARIETTA","4"
"HANOVER","4"
"WINCHESTER","4"
"HERZLIYA","4"
"VERO BEACH","4"
"BOZEMAN","4"
"CANTON","4"
"NEWTOWN","4"
"BOTHELL","4"
"MANCHESTER","4"
"QUINCY","4"
"LAFAYETTE","4"
"SANTIAGO CHILE","4"
"CALABASAS","4"
"COLORADO SPRINGS","4"
"GERMANTOWN","4"
"VALENCIA","4"
"RA'ANANA","4"
"MIDDLETOWN","4"
"CANONSBURG","4"
"CAMPBELL","4"
"ROUND ROCK","4"
"NEW CANAAN","4"
"PLYMOUTH MEETING","4"
"BRIDGEWATER","4"
"ALISO VIEJO","4"
"DES MOINES","4"
"MEXICO CITY","4"
"WEST HOLLYWOOD","4"
"GEORGE TOWN","4"
"DUBLIN 4","4"
"SUMMIT","4"
"GEORGE TOWN, GRAND CAYMAN","4"
"SOLANA BEACH","4"
"HAYWARD","4"
"PALM BEACH","4"
"ST. HELIER","4"
"MESA","4"
"EVERETT","4"
"NESS ZIONA","4"
"MONACO","4"
"BRISTOL","4"
"WICHITA","3"
"ALLENTOWN","3"
"LANCASTER","3"
"GREEN BAY","3"
"CAMDEN","3"
"CALGARY ALBERTA","3"
"FRISCO","3"
"MONROE","3"
"BERLIN","3"
"GOLDEN","3"
"DAVIDSON","3"
"HACKENSACK","3"
"SPRING","3"
"TYSONS","3"
"MURRAY","3"
"DAYTONA BEACH","3"
"HUNT VALLEY","3"
"RACINE","3"
"BISMARCK","3"
"FT. LAUDERDALE","3"
"WESTLAKE","3"
"ELKHART","3"
"CONSHOHOCKEN","3"
"STOCKHOLM","3"
"ROSEMEAD","3"
"ST. PETERSBURG","3"
"BILLERICA","3"
"SAN JUAN","3"
"FREEHOLD","3"
"BLUE BELL","3"
"VAN NUYS","3"
"ESCONDIDO","3"
"TALLAHASSEE","3"
"CRANFORD","3"
"EDISON","3"
"EWING","3"
"SALEM","3"
"LONDON ENGLAND","3"
"NEW BRUNSWICK","3"
"COEUR D'ALENE","3"
"ST PETERSBURG","3"
"ENGLEWOOD CLIFFS","3"
"OLD GREENWICH","3"
"AURORA","3"
"THORNTON","3"
"CHICO","3"
"MINNETONKA","3"
"BEAVERTON","3"
"NORCROSS","3"
"THE HAGUE","3"
"TEANECK","3"
"HUNTSVILLE","3"
"ACTON","3"
"BROOKFIELD","3"
"HARRISBURG","3"
"WOODCLIFF LAKE","3"
"LEIDEN","3"
"HUNTINGTON BEACH","3"
"MADRID","3"
"BLOOMFIELD HILLS","3"
"WINNIPEG","3"
"SOUTH JORDAN","3"
"TARRYTOWN","3"
"GARDEN CITY","3"
"LINCOLNSHIRE","3"
"THOMASVILLE","3"
"LEBANON","3"
"DANBURY","3"
"ROSEMONT","3"
"OGDEN","3"
"CHEYENNE","3"
"SOMERSET","3"
"AUBURN HILLS","3"
"GOLETA","3"
"RIO DE JANEIRO","3"
"LAKE MARY","3"
"UNIONDALE","3"
"NORFOLK","3"
"ALAMEDA","3"
"ROANOKE","3"
"TAIPEI","3"
"SASKATOON","3"
"MONTEVIDEO","3"
"PROVO","3"
"RESEARCH TRIANGLE PARK","3"
"VISTA","3"
"EASTON","3"
"ZEPHYR COVE","3"
"PETACH TIKVA","3"
"BURLINGAME","3"
"CLAYMONT","3"
"MANHATTAN BEACH","3"
"LOS GATOS","3"
"AVENTURA","3"
"SANTIAGO","3"
"BERWYN","3"
"FAIRFAX","3"
"FRESNO","3"
"BOGOTA","3"
"EDMONTON","3"
"HAIDIAN DISTRICT, BEIJING","3"
"FINDLAY","3"
"INCLINE VILLAGE","3"
"PIRAEUS","3"
"RAMAT GAN","3"
"SELANGOR","3"
"WESTPORT","3"
"VAUGHAN","3"
"BRANFORD","3"
"ZHEJIANG PROVINCE","3"
"GUANGZHOU, GUANGDONG","3"
"SAINT-LAURENT","3"
"CERRITOS","3"
"DORAL","3"
"NANSHAN DISTRICT, SHENZHEN","3"
"WOODLAND HILLS","3"
"BREA","3"
"CITY OF INDUSTRY","3"
"WARRENDALE","3"
"Beijing","3"
"WHITE PLAINS","3"
"TUSTIN","3"
"WEST FARGO","3"
"FARMINGTON","3"
"GRAND DUCHY OF LUXEMBOURG","3"
"SANTA BARBARA","3"
"BURNABY","3"
"GRAPEVINE","3"
"SOMERVILLE","3"
"MACAU","3"
"KELOWNA","3"
"CHARLOTTESVILLE","3"
"FISHERS","3"
"OTTAWA","3"
"BERKELEY","3"
"NORTH BRUNSWICK","3"
"WOOD DALE","2"
"PARAMUS","2"
"EAST AURORA","2"
"ROSELAND","2"
"GREAT NECK","2"
"RIDGELAND","2"
"POWAY","2"
"DALTON","2"
"NORTH CANTON","2"
"PEACHTREE CORNERS","2"
"LISLE","2"
"MAUMEE","2"
"SAINT PAUL","2"
"ELKO","2"
"MIDLOTHIAN","2"
"SOUTH BEND","2"
"CHAPEL HILL","2"
"MANSFIELD","2"
"DELAWARE","2"
"FORT WAYNE","2"
"CHELMSFORD","2"
"ASHEVILLE","2"
"WESTERVILLE","2"
"LIVONIA","2"
"ISELIN","2"
"ZEELAND","2"
"WILLIAMSVILLE","2"
"LINCOLN","2"
"OCALA","2"
"EAU CLAIRE","2"
"CAMARILLO","2"
"EAST RUTHERFORD","2"
"NORTH READING","2"
"XIAMEN, FUJIAN","2"
"TOLEDO","2"
"OWINGS MILLS","2"
"HILLSBORO","2"
"JUNO BEACH","2"
"AUBURN","2"
"PLAINVIEW","2"
"NASHUA","2"
"LIVERMORE","2"
"BENTONVILLE","2"
"DEER PARK","2"
"STUART","2"
"HIGH POINT","2"
"MOLINE","2"
"FREDERICK","2"
"JOHANNESBURG","2"
"SAN RAFAEL","2"
"MEDINA","2"
"INDIANA","2"
"BATAVIA","2"
"MONROVIA","2"
"THE COLONY","2"
"JASPER","2"
"TERRE HAUTE","2"
"TUPELO","2"
"LANSING","2"
"SAN RAMON","2"
"MIDVALE","2"
"TYLER","2"
"FT WORTH","2"
"VANCOUVER BC CANADA","2"
"LONGMONT","2"
"BASKING RIDGE","2"
"ASHBURN","2"
"TACOMA","2"
"WESTBOROUGH","2"
"ELGIN","2"
"WEST HENRIETTA","2"
"SACRAMENTO","2"
"KENNESAW","2"
"NORTH ANDOVER","2"
"LARGO","2"
"NORWELL","2"
"ROAD TOWN, TORTOLA","2"
"SMYRNA","2"
"HAMBURG","2"
"MALMO","2"
"NORTHVALE","2"
"NATICK","2"
"SPARTANBURG","2"
"CORONA","2"
"HARTFORD","2"
"WESTBROOK","2"
"OLD BETHPAGE","2"
"CENTRAL","2"
"MURFREESBORO","2"
"BEVERLY","2"
"COURBEVOIE","2"
"HINGHAM","2"
"LEWISVILLE","2"
"WESTFORD","2"
"QUEBEC","2"
"HOLON","2"
"MONTCLAIR","2"
"BEACHWOOD","2"
"FORT MILL","2"
"ROSH HAAYIN","2"
"RIDGEFIELD PARK","2"
"SIOUX FALLS","2"
"NEW TERRITORIES","2"
"HICKSVILLE","2"
"ROCK HILL","2"
"CRANBURY","2"
"WHEAT RIDGE","2"
"WYOMISSING","2"
"GAINESVILLE","2"
"LAKE OSWEGO","2"
"WEST JORDAN","2"
"CHESAPEAKE","2"
"MIGDAL HAEMEK","2"
"WEST SUSSEX","2"
"MILL VALLEY","2"
"COVINGTON","2"
"PEOPLES REPUBLIC OF CHINA","2"
"WARRINGTON","2"
"SWITZERLAND","2"
"EL CAJON","2"
"STATEN ISLAND","2"
"RIVERSIDE","2"
"NEW BRAUNFELS","2"
"LIMA","2"
"SEOUL KOREA","2"
"NEW ALBANY","2"
"SECAUCUS","2"
"DUNMORE","2"
"MESQUITE","2"
"JAPAN","2"
"WAUKESHA","2"
"MEDFORD","2"
"OR YEHUDA","2"
"ADMIRALTY","2"
"MARTINSVILLE","2"
"FORT MYERS","2"
"ALEXANDRIA","2"
"WATERLOO","2"
"BANGALORE","2"
"STUTTGART","2"
"CARDIFF","2"
"LEAWOOD","2"
"WESTCHESTER","2"
"HUMBLE","2"
"HAWTHORNE","2"
"TOMBALL","2"
"MUMBAI","2"
"HAINAN PROVINCE","2"
"FRANCE","2"
"CAUSEWAY BAY","2"
"BETHLEHEM","2"
"SCHAFFHAUSEN","2"
"MERIDIAN","2"
"VANCOUVER BC","2"
"TAIWAN","2"
"HOLLISTON","2"
"Rockville","2"
"SAN JUAN CAPISTRANO","2"
"HALIFAX","2"
"BERKELEY HEIGHTS","2"
"AMES","2"
"SANTA PAULA","2"
"BONITA SPRINGS","2"
"LAGUNA HILLS","2"
"HAIFA","2"
"WEST DES MOINES","2"
"CASTLE ROCK","2"
"TINTON FALLS","2"
"RENTON","2"
"METAIRIE","2"
"MAROUSSI","2"
"JIAXING","2"
"LANGHORNE","2"
"KOWLOON BAY","2"
"CAYMAN ISLANDS","2"
"MONTEREY","2"
"CENTRAL, HONG KONG","2"
"PARK CITY","2"
"MCCARRAN","2"
"CHEVY CHASE","2"
"HANGZHOU, ZHEJIANG PROVINCE","2"
"NEWPORT NEWS","2"
"PETALING JAYA","2"
"JAKARTA","2"
"HONG KONG SAR","2"
"LEWES","2"
"DANVILLE","2"
"ROSWELL","2"
"JIANGSU","2"
"BARCELONA","2"
"JIANGSU PROVINCE","2"
"NEW YORK CITY","2"
"CELEBRATION","2"
"KIRKLAND","2"
"FORT LEE","2"
"MAINZ","2"
"CORNELIUS","2"
"SHENZHEN, GUANGDONG","2"
"ENCINO","2"
"CHAMBLEE","2"
"MUNICH","2"
"WINSTON-SALEM","2"
"PITTSFORD","2"
"KATY","2"
"LAKEWAY","2"
"DRAPER","2"
"FUJIAN PROVINCE","2"
"STAFFORD","2"
"WESTBURY","2"
"CHENGDU","2"
"VENICE","2"
"MARKHAM","2"
"SAVANNAH","2"
"MANITOWOC","2"
"WENZHOU","2"
"EL MONTE","2"
"KFAR SABA","2"
"ST. JOHN'S","2"
"WUHAN CITY, HUBEI PROVINCE","2"
"N/A","2"
"GURGAON","2"
"BALA CYNWYD","2"
"YARDLEY","2"
"WOODBRIDGE","2"
"ESTERO","2"
"LYNCHBURG","2"
"WOODSTOCK","2"
"CITY OF BUENOS AIRES","2"
"SOUTHLAKE","2"
"ST. LOUIS PARK","2"
"KENNETT SQUARE","2"
"BELGRADE","2"
"MALTA","2"
"RICHLAND","2"
"San Francisco","2"
"FRIENDSWOOD","2"
"COQUITLAM","2"
"TEMECULA","2"
"BAY HARBOR ISLANDS","2"
"SUWANEE","2"
"MONTE CARLO, MC","2"
"OCOEE","2"
"BURR RIDGE","2"
"RANCHO CUCAMONGA","2"
"READING","2"
"NASSAU","2"
"OSAKA","2"
"AUDUBON","2"
"LATHAM","2"
"CHIYODA-KU, TOKYO","2"
"NANJING","2"
"BELMONT","2"
"GALWAY","2"
"RUTHERFORD","2"
"NORWOOD","2"
"MAPLETREE BUSINESS CITY","2"
"DAXING DISTRICT, BEIJING","2"
"ORINDA","2"
"CARY","2"
"GENEVA","2"
"VICTORIA","2"
"LADERA RANCH","2"
"NEWPORT","2"
"MISSION WOODS","2"
"WINNEMUCCA","2"
"PONTE VEDRA","2"
"BURBANK","2"
"EAGLE","2"
"BRADENTON","2"
"LANGLEY","2"
"ROLLE","2"
"GUANGZHOU, GUANGDONG PROVINCE","2"
"CORVALLIS","2"
"LOS ALTOS","2"
"HUDSON","2"
"MINEOLA","2"
"JINJIANG CITY, FUJIAN PROVINCE","2"
"NEW TAIPEI CITY","2"
"SHEUNG WAN","2"
"CHENGDU CITY, SICHUAN PROVINCE","2"
"SEVEN MILE BEACH, GRAND CAYMAN","2"
"ABBOTT PARK","1"
"CARNEGIE","1"
"BROOKLINE","1"
"WEST MELBOURNE","1"
"MENTOR","1"
"ARMSTRONG","1"
"HAVERTOWN","1"
"FT. MYERS,","1"
"WEST WARWICK","1"
"MONTVALE","1"
"METTAWA","1"
"NEW CENTURY","1"
"BASSETT","1"
"CANADA","1"
"CHANGNING DISTRICT, SHANGHAI","1"
"FRANKLIN LAKES","1"
"HERCULES","1"
"RONKONKOMA","1"
"COLLINSVILLE","1"
"CORAL SPRINGS","1"
"CORNING","1"
"GONZALES","1"
"JOPLIN","1"
"GOODLETTSVILLE","1"
"DUBUQUE","1"
"SARATOGA SPRINGS","1"
"DEARBORN","1"
"KINGSTON","1"
"ABILENE","1"
"CLARKSBURG","1"
"MITCHEL FIELD","1"
"LONGVIEW","1"
"EVENDALE","1"
"PAWTUCKET","1"
"AMHERST","1"
"GLENVIEW","1"
"HERSHEY","1"
"MUSCATINE","1"
"ARMONK","1"
"STATESVILLE","1"
"WILDLIGHT","1"
"DAVENPORT","1"
"CARTHAGE","1"
"LAHAINA","1"
"MOORESVILLE","1"
"WOONSOCKET","1"
"CRANBERRY TOWNSHIP","1"
"AMITYVILLE","1"
"KEENE","1"
"DULLES","1"
"NEW ULM","1"
"HIGHLANDS RANCH","1"
"SYLMAR","1"
"BRYN MAWR","1"
"MAKATI METRO MANILA","1"
"PEORIA","1"
"MAYFIELD VILLAGE","1"
"KIMBALL","1"
"COLLIERVILLE","1"
"ELMA","1"
"BOHEMIA","1"
"SHAWNEE MISSION","1"
"MARION","1"
"PINE BLUFF","1"
"KENOSHA","1"
"ORRVILLE","1"
"SMITHFIELD","1"
"HARTSVILLE","1"
"SOUTHPORT","1"
"NEW BRITAIN","1"
"NORTHFIELD","1"
"NORTH TONAWANDA","1"
"LEBEC","1"
"CEDAR RAPIDS","1"
"SPRINGDALE","1"
"DEFIANCE","1"
"ST HELIER","1"
"CENTRAL ISLIP","1"
"KAILUA KONA","1"
"WINTER HAVEN","1"
"HATO REY","1"
"ELMIRA","1"
"MOUNT AIRY","1"
"RICHFIELD","1"
"DAMARISCOTTA","1"
"SOUDERTON","1"
"TORONTO ONTARIO CANA","1"
"QUAKERTOWN","1"
"KENNEWICK","1"
"AURORA, ONTARIO, CAN","1"
"LAWRENCEVILLE","1"
"GULFPORT","1"
"PANAMA CITY BEACH","1"
"ALLSTON","1"
"BAR HARBOR","1"
"DAYTON","1"
"STONY BROOK","1"
"CLEARFIELD","1"
"WESTERLY","1"
"BERWICK","1"
"TIMBERVILLE","1"
"BLOOMSBURG","1"
"BENSALEM","1"
"MARTINS FERRY","1"
"HILLS","1"
"WEST ORANGE","1"
"ANKENY","1"
"CORSICANA","1"
"COCONUT GROVE","1"
"SUNBURY","1"
"MAPLE GROVE","1"
"DEWITT","1"
"BENTON HARBOR","1"
"CHAMBERSBURG","1"
"FORT COLLINS","1"
"YORK","1"
"MIDDLETON","1"
"URBANA","1"
"XI'AN CITY, SHAANXI PROVINCE","1"
"BROADVIEW","1"
"RAHWAY","1"
"PORTAGE","1"
"CENTREVILLE","1"
"WATKINS","1"
"BRANCHVILLE","1"
"ROCKFORD","1"
"WHEELING","1"
"DERBY","1"
"VERDUN","1"
"JERSEY SHORE","1"
"STRASBURG","1"
"GLENS FALLS","1"
"STOCKHOLM SWEDEN","1"
"WEST LAFAYETTE","1"
"MIFFLINTOWN","1"
"TOKYO, JAPAN","1"
"FITZGERALD","1"
"GETTYSBURG","1"
"LAKE ZURICH","1"
"MUNCIE","1"
"JOHNSTOWN","1"
"MICHIGAN CITY","1"
"MAHWAH","1"
"NEW HARTFORD","1"
"CANFIELD","1"
"MATAWAN","1"
"MATTOON","1"
"PENNSAUKEN","1"
"ROLLING MEADOWS","1"
"WALL","1"
"LAFOX","1"
"EDINBURG","1"
"LAREDO","1"
"VALLEY COTTAGE","1"
"LAKE CHARLES","1"
"RANDOLPH","1"
"PIKEVILLE","1"
"OAKS","1"
"BAGSVAERD DENMARK","1"
"FARMINGDALE","1"
"MCKINNEY","1"
"BILOXI","1"
"WEST ST PAUL","1"
"OSHKOSH","1"
"FO TAN","1"
"MONETT","1"
"MIFFLINBURG","1"
"ROCKLAND","1"
"LIBERTY LAKE","1"
"NEENAH","1"
"GERMAN VALLEY","1"
"MOUNT LAUREL","1"
"SANTE FE","1"
"CHENEY","1"
"NORWICH","1"
"ARCHBOLD","1"
"WOODBURY","1"
"SHEUNG WAN, HONG KONG","1"
"ST GEORGE","1"
"FORT WASHINGTON","1"
"MINOT","1"
"BLACKSBURG","1"
"BROOKLYN PARK","1"
"MONDOVI","1"
"TONTITOWN","1"
"NORTH LIBERTY","1"
"DODGEVILLE","1"
"ROGERS","1"
"TOKYO JAPAN 106","1"
"BRUTTISELLEN","1"
"GREELEY","1"
"SPARTA","1"
"KENMORE","1"
"KENBRIDGE","1"
"ALACHUA","1"
"MILTON","1"
"TUBINGEN","1"
"GEDERA ISRAEL","1"
"WELLSBORO","1"
"FOOTHILL RANCH","1"
"SOUTHERN PINES","1"
"VICTORIA AUSTRALIA","1"
"PERRYSBURG","1"
"SUNNY ISLES BEACH","1"
"28013 MADRID","1"
"MORTON GROVE","1"
"NORTON","1"
"DEERFIELD BEACH","1"
"WINONA","1"
"AIKEN","1"
"WALLINGFORD","1"
"SAXONBURG","1"
"STANTON","1"
"INVER GROVE HEIGHTS","1"
"DARIEN","1"
"MARYSVILLE","1"
"OLNEY","1"
"SYDNEY, NSW","1"
"CININNATI","1"
"ATCHISON","1"
"STANFORD","1"
"CORK","1"
"JINJIANG DISTRICT,CHENGDU CITY","1"
"MIDDLEFIELD","1"
"NANJING, JIANGSU PROVINCE","1"
"MILAN","1"
"TURNER","1"
"NEWBURY, BERKSHIRE","1"
"MT PLEASANT","1"
"KILMARNOCK","1"
"WESTERN AUSTRALIA","1"
"EDINBURGH, SCOTLAND","1"
"ALEXANDRIA,","1"
"WARRENVILLE","1"
"WATFORD, HERTFORDSHIRE","1"
"DUBLIN 16","1"
"CALHOUN","1"
"LIVINGSTON","1"
"HOPKINS","1"
"BERKSHIRE","1"
"XIAN, SHAANXI PROVINCE,","1"
"BLUEFIELD","1"
"SAULT STE. MARIE","1"
"BILLINGS","1"
"LONDON, SW1Y 4AD","1"
"WATSONVILLE","1"
"ALPHEN AAN DEN RIJN","1"
"HAVERFORD","1"
"OLDSMAR","1"
"GARDNER","1"
"GRANTS PASS","1"
"COLMAR","1"
"KALISPELL","1"
"QUEENSBURY","1"
"CIRCLE PINES","1"
"OR YEHUDA ISRAEL","1"
"FAIRPORT","1"
"ROLLINGWOOD","1"
"MILLERSBURG","1"
"BERRYVILLE","1"
"DEVENS","1"
"WAUKEGAN","1"
"WIEN","1"
"ROMEOVILLE","1"
"KEARNEY","1"
"NORTH PLAINS","1"
"SHOUGUANG CITY, SHANDONG","1"
"MENOMONEE FALLS","1"
"GROSSE POINTE FARMS","1"
"BNEI BRAK","1"
"VICTORIA 3000","1"
"44910 GUADALAJARA JA","1"
"DUBLIN IRELAND","1"
"ALSIP","1"
"NAJU-SI","1"
"CALABASAS HILLS","1"
"GANGNAM-GU, SEOUL","1"
"EDGEWOOD","1"
"SANDY","1"
"URBANIZACI?N COSTA DEL ESTE","1"
"GLEN BURNIE","1"
"BALL GROUND","1"
"KOREA M5","1"
"MICHIGAN","1"
"SUNRISE","1"
"JEFFERSON CITY","1"
"FORT SMITH","1"
"GALLIPOLIS","1"
"NELSONVILLE","1"
"CRYSTAL LAKE","1"
"SEGUIN","1"
"CHESTERFIELD","1"
"ALBEMARLE","1"
"BUENA PARK","1"
"APPLETON","1"
"WEST CHICAGO","1"
"SANTERAMO ITALY","1"
"GRAND FORKS","1"
"BUENOS AIRES 1364 AR","1"
"GROVE CITY","1"
"AGUORA HILLS","1"
"SALVADOR - BA","1"
"ISSAQUAH","1"
"CUAJIMALPA","1"
"RUTLAND","1"
"MEXICO, D.F.","1"
"ROLLING HILLS ESTATES","1"
"GREENEVILLE","1"
"MOUNTAIN GROVE","1"
"C1054AAA BUENOS AIRES","1"
"NEWBURYPORT","1"
"WEST POINT","1"
"KINGSPORT","1"
"ELK GROVE VILLAGE","1"
"PEMBROKE PINES","1"
"NAD AL SHEBA, DUBAI","1"
"BROOKINGS","1"
"KFAR-SAVA","1"
"POPLAR BLUFF","1"
"ROYAL OAK","1"
"BEDFORD HEIGHTS","1"
"MUNSTER","1"
"CLINTON","1"
"FINLAND","1"
"LIBERTY","1"
"ERIE","1"
"SOLON","1"
"ESPOO FINLAND","1"
"NEW YORK, NY","1"
"OOLTEWAH","1"
"PEARL RIVER","1"
"INDEPENDENCE","1"
"SANDUSKY","1"
"DR VELDHOVEN","1"
"ELKHORN","1"
"COPPELL","1"
"SCHIPHOL AIRPORT","1"
"ARGENTINA","1"
"1120 BRUSSELS","1"
"BROOKLYN HEIGHTS","1"
"BEIJING 100088 PRC C","1"
"DELHI","1"
"PORT WASHINGTON","1"
"BOULDER CITY","1"
"EATONTOWN","1"
"LITTLE ELM","1"
"WALLA WALLA","1"
"MACAO","1"
"HATTIESBURG","1"
"WALLDORF","1"
"HAMILTON HM12","1"
"MILFORD","1"
"OLD BRIDGE","1"
"KINGWOOD","1"
"BANDUNG","1"
"ROME ITALY","1"
"ONTARIO CANADA","1"
"OREM","1"
"TOMS RIVER","1"
"WIPPANY","1"
"CHASKA","1"
"RISHON LEZION","1"
"ITHACA","1"
"MINERVA","1"
"CALGARY, T3E 0B4","1"
"BAY SHORE","1"
"SCHIPHOL-OOST","1"
"MERRILLVILLE","1"
"HONESDALE","1"
"BANNOCKBURN","1"
"PL VENLO","1"
"TEL AVIV, ISRAEL","1"
"HILLSIDE","1"
"HAMDEN","1"
"CALGARY ALBERTA CANADA","1"
"COCONUT CREEK","1"
"QUEBEC CANADA","1"
"DERIDDER","1"
"HOLMDEL","1"
"RIO DE JANERIO RJ BR","1"
"CONCORD","1"
"PORTSMOUTH","1"
"VIRGINIA CITY,","1"
"BEIT-YITZHAK","1"
"ROSH HA AYIN ISRAEL","1"
"WEST SENECA","1"
"TORTOLA","1"
"SP BRAZIL 01350-900","1"
"SLINGERLANDS","1"
"CHENNAI 600 113","1"
"MARYVILLE","1"
"ZURICH SWITZERLAND","1"
"BELGIUM","1"
"BAUDETTE","1"
"RANDFONTEIN","1"
"CORAOPOLIS","1"
"NASHVILLE,","1"
"ORANGE PARK","1"
"COLUMBUS GROVE","1"
"FUQING CITY, FUJIAN PROVINCE","1"
"LODI","1"
"ALHAMBRA","1"
"SHOREHAM","1"
"GREAT NECK,","1"
"75769 PARIS CEDEX 16","1"
"RUMSON","1"
"WATKINSVILLE","1"
"SYDNEY NSW","1"
"MONTERREY, NUEVO LEON","1"
"SHEUNG SHUI","1"
"ISTANBUL","1"
"MEDELLIN","1"
"CAMARACI BAHIA BRAZIL","1"
"TAIPEI, 106","1"
"CATSKILL","1"
"CORYDON","1"
"VICTORIA B C","1"
"SAO PAULO-SP","1"
"ANTIOCH","1"
"HAIFA, ISRAEL","1"
"GUERNSEY","1"
"HOBE SOUND","1"
"MONTERREY, N.L.","1"
"LEVALLOIS-PERRET","1"
"DUBLIN 18","1"
"GURNEE","1"
"MOUNT PLEASANT","1"
"HAMILTON HM 08","1"
"FLOWER MOUND","1"
"SAN DIMAS","1"
"WACONIA","1"
"HORSHAM","1"
"PARIS FRANCE","1"
"MERRIMACK","1"
"TYSONS CORNER","1"
"SHANGHAI,","1"
"HANGZHOU, P.R.","1"
"RIO DE JANEIRO RJ BR","1"
"FEDERAL REPUBLIC OF GERMANY","1"
"TAIPEI, TAIWAN ROC","1"
"HSINCHU","1"
"OLYMPIA","1"
"HOQUIAM","1"
"AZUR ISRAEL","1"
"MILLBROOK","1"
"WAKEFIELD","1"
"69120 VAULX EN VELIN","1"
"BARRINGTON","1"
"ROSEBANK, JOHANNESBURG","1"
"FEDERATIVE REPUBLIC","1"
"WIXOM","1"
"WEST DEMOINES","1"
"ENCINO,","1"
"LISBON","1"
"DELRAY BEACH","1"
"COUNTY DUBLIN IRELAN","1"
"ISSY-LES-MOULINEAUX","1"
"IDAHO FALLS","1"
"MT. LAUREL","1"
"LONDON W1K 6NX","1"
"FOUNTAIN HILLS","1"
"MAYFIELD HTS.","1"
"NEUSS","1"
"NEUBIBERG, MUNICH","1"
"PARKERSBURG","1"
"CAVE CREEK","1"
"VAN BUREN TOWNSHIP","1"
"BASEL","1"
"DIXON","1"
"DALIAN","1"
"YOQNEAM ILIT ISRAEL","1"
"ROSH HA AYIN","1"
"CICERO","1"
"KAOHSIUNG TAIWAN","1"
"SAO PAULO SP BRAZIL","1"
"AVON LAKE","1"
"BOSQUES DE LAS LOMAS","1"
"KARNATAKA","1"
"CAMAS","1"
"SOUTHAMPTON SO15 1ST","1"
"FORNEBU","1"
"MEXICO DF","1"
"PORTERVILLE","1"
"RAPID CITY","1"
"TAIPEI TAIWAN","1"
"SAN FRACISCO","1"
"PALM CITY","1"
"FALLS CHURCH","1"
"BELLAIRE","1"
"HYDERABAD","1"
"MAULDIN","1"
"GOOSE CREEK","1"
"STAVANGER NORWAY","1"
"MANHATTAN","1"
"MARCELLUS","1"
"INDIA","1"
"NORTHBOROUGH","1"
"MINAS GERAIS BRAZIL","1"
"WEST CONSHOHOCKEN","1"
"WESTFIELD","1"
"HUBEI PROVINCE","1"
"CHIYODA-KU, TOKYO 100-0005","1"
"SP BRAZIL","1"
"ANCHORAGE","1"
"HONAKER","1"
"VOLGA","1"
"LUBBOCK","1"
"HAMILTON, HM08","1"
"PRAHRAN VICTORIA","1"
"TEL AVIV ISRAEL","1"
"MOBILE","1"
"SP","1"
"XI'AN","1"
"SANDTON","1"
"ST-LAURENT","1"
"KILGORE","1"
"JOHNS CREEK","1"
"MASDAR CITY","1"
"OSAKA CITY","1"
"WUHU","1"
"KOWLOON BAY, HONG KONG","1"
"COLD SPRING HARBOR","1"
"BULACAN","1"
"SPRING BRANCH","1"
"QINGDAO","1"
"MORGANTOWN","1"
"KWAI CHUNG, NEW TERRITORIES","1"
"TIBURON","1"
"LANTANA","1"
"SUZHOU , JIANGSU","1"
"OPFIKON, ZURICH","1"
"STAMFORD,","1"
"KOWLOON, HONG KONG","1"
"TSIM SHA TSUI, KOWLOON","1"
"PO BOX 1348, GRAND CAYMAN","1"
"CAUSEWAY BAY, HONG KONG","1"
"TAIYUAN CITY","1"
"FORT LAUDERDATE","1"
"CHIAYI COUNTY","1"
"KAUKAUNA","1"
"FUKUOKA","1"
"EAGAN","1"
"MACAU SAR","1"
"CHANTILLY","1"
"TELEGRAPH BAY","1"
"50480 KUALA LUMPUR","1"
"KISSIMMEE","1"
"NORTH MELBOURNE","1"
"XIAMEN CITY, FUJIAN PROVINCE","1"
"CHANGZHOUCITY,JIANGSU PROVINCE","1"
"LINK@AMK","1"
"NORTH POINT","1"
"W. CONSHOHOCKEN","1"
"LOD","1"
"TAICHUNG CITY","1"
"HELSINKI","1"
"FREUDENSTADT","1"
"FRANKFURT AM MAIN","1"
"STILLWATER","1"
"GYOUNGGI","1"
"PUDONG DISTRICT, SHANGHAI","1"
"NORTH YORK","1"
"NARRDEN","1"
"LINDSAY","1"
"10 MARINA BOULEVARD","1"
"NANPING CITY, FUJIAN PROVINCE","1"
"FORT LAWN","1"
"PENINSULA PLAZA","1"
"XIAMEN","1"
"HERZELIYA","1"
"BAKERSFIELD","1"
"NORTH SYDNEY","1"
"ASTATULA","1"
"PETAH TIKVAH","1"
"KANATA","1"
"LANARKSHIRE","1"
"LEON","1"
"WILLOW PARK","1"
"WILAYAHPERSEKUTUANKUALA LUMPUR","1"
"CAPE CANAVERAL","1"
"VALDILANA (BIELLA)","1"
"ST. PETER PORT","1"
"SUBIACO WA","1"
"BOSTON HEIGHTS","1"
"TAICHUNG CITY 407","1"
"ARNHEM","1"
"HERSTAL","1"
"JIANGXI","1"
"JIANGSU, 215011","1"
"EL DORADO HILLS","1"
"CHANHASSEN","1"
"GUANZHOU","1"
"UGLAND HOUSE - GRAND CAYMAN","1"
"COPENHAGEN","1"
"EAST HANOVER","1"
"DEL MAR","1"
"BELO HORIZONTE","1"
"BEAUMONT","1"
"FUZHOU CITY","1"
"HOD HASHARON, 4501309","1"
"SHANDONG PROVINCE,","1"
"GAUTING","1"
"RONAN","1"
"FT. PIERCE","1"
"NUR-SULTAN","1"
"PALOS HILLS","1"
"PETAH TIKVA","1"
"CH-1202 GENEVA","1"
"NESS ZIYONA","1"
"LEAD","1"
"CAULFIELD","1"
"ROWAYTON","1"
"HOLLISTER","1"
"WEBSTER","1"
"PADUA","1"
"SISLI ISTANBUL","1"
"OPELOUSAS","1"
"HUMACAO","1"
"RENO,","1"
"MAITLAND","1"
"MECHANICSVILLE","1"
"WELLINGTON","1"
"SENECA FALLS","1"
"SANTA CRUZ","1"
"NUNEATON","1"
"KUNMING YUNNAN","1"
"NEWPORT COAST","1"
"SHAANXI","1"
"CHESIRE","1"
"N.T. HONG KONG","1"
"SOUTH YARRA, VICTORIA","1"
"LISHUI CITY. ZHEJIANG PROVINCE","1"
"NEW HOPE","1"
"BOISBRAIND","1"
"SHINJUKU-KU, TOKYO","1"
"WOODS CROSS","1"
"JI'AN, JIANGXI","1"
"BELVIDERE","1"
"BADEN-WURTTEMBERG","1"
"WUJIN DISTRICT CHANGZHOU CITY","1"
"MARINA DEL REY","1"
"OXNARD","1"
"CASTLE PINES","1"
"NEW BRIGHTON","1"
"TOOELE","1"
"MARINA BAY","1"
"PONTIAC","1"
"ZIBO CITY, SHANDONG PROVINCE","1"
"HEYBURN","1"
"BANGSAR SOUTH, KUALA LUMPUR","1"
"JAKARTA SELATAN","1"
"CAMP HILL","1"
"WARMLEY, BRISTOL","1"
"ATTIKI","1"
"PUDONG NEW AREA, SHANGHAI","1"
"XIAMEN, FUJIAN PROVINCE","1"
"BLOOMFIELD","1"
"OSLO","1"
"FLEMING ISLAND","1"
"LONDON, ENGLAND","1"
"CHAOYANG DISTRICT BEIJING","1"
"BDA, BEIJING","1"
"JENA","1"
"DONGGUAN, GUANGDONG","1"
"CHARLESTOWN","1"
"LISHUI, ZHEJIANG PROVINCE","1"
"HAMPSTEAD","1"
"SHOEMAKERSVILLE","1"
"LUOHU, SHENZHEN","1"
"BROOKWOOD","1"
"ANNISTON","1"
"ALAJUELA","1"
"MALIBU","1"
"MINAS GERAIS","1"
"DUSSELDORF","1"
"WAN CHAI","1"
"FT. WORTH","1"
"SHAKOPEE","1"
"OXFORDSHIRE","1"
"FAIRHAVEN","1"
"VENTURA","1"
"LEUVEN","1"
"ADELAIDE","1"
"ALAMOGORDO","1"
"VERNON","1"
"HARVEY","1"
"WEST CHESTER","1"
"NORTH LAKE","1"
"STAYNER","1"
"HANGZHOU, ZHEJIANG","1"
"MOUNT HOREB","1"
"L'ANGE-GARDIEN","1"
"SHERMAN OAKS","1"
"SCIENCE AND INDUSTRY PARK","1"
"SLOUGH, BERKSHIRE","1"
"WEST VANCOUVER","1"
"HELLERUP","1"
"GOLDEN VALLEY","1"
"SANTA ROSA","1"
"DE LEON","1"
"IONE","1"
"S?O PAULO","1"
"ATHENS GREECE","1"
"MODI-IN","1"
"FERNDALE","1"
"NORTH LAS VEGAS","1"
"BELLINGHAM","1"
"LOCUST VALLEY","1"
"GRAND JUNCTION","1"
"TOPEKA","1"
"WEST READING","1"
"NEW PRAGUE","1"
"NORTH VANCOUVER","1"
"SUSSEX","1"
"JIANGXI PROVINCE","1"
"DOWNTOWN DUBAI","1"
"CORALVILLE","1"
"HEPPNER","1"
"HELENA","1"
"WANZHOU, CHONGQING","1"
"SWINDON","1"
"SUNNY ISLES","1"
"THESSALONIKI","1"
"COMMERCE","1"
"LUBLIN","1"
"DAVIS","1"
"PALM DESERT","1"
"CUMMING","1"
"DUBAI (DIFC)","1"
"TSUEN WAN","1"
"CENTRAL HONG KONG","1"
"FERGUS FALLS","1"
"CO. DUBLIN","1"
"EFFINGHAM","1"
"CALIFORNIA","1"
"JACKSON CENTER","1"
"DURBANVILLE, WESTERN CAPE","1"
"Atlanta","1"
"HIRAM","1"
"PEARL RIVER NEW CITY GUANGZHOU","1"
"STEINHAUSEN","1"
"WARMINSTER","1"
"SIERRA BLANCA","1"
"MERCER ISLAND","1"
"LAGUNA BEACH","1"
"Maple Plain","1"
"BIRKENHEAD MERSEYSIDE","1"
"FORT STOCKTON","1"
"San Diego","1"
"EPHRATA","1"
"MOON TOWNSHIP","1"
"PRINCETON JUNCTION","1"
"JEFFERSONVILLE","1"
"ST. PETERSBURGH","1"
"1253 COPENHAGEN K","1"
"SEMENYIH, SELANGOR","1"
"BARUERI","1"
"OAKDALE","1"
"MAJURO","1"
"EAST FAIRFIELD","1"
"CHATHAM","1"
"ORMOND BEACH","1"
"LOVELAND","1"
"WAYZATA","1"
"BOCA RATON,","1"
"VICTOR","1"
"2800 MECHELEN","1"
"SAN LEANDRO","1"
"BAOHE, HEFEI, ANHUI","1"
"HERZILIYA PITUACH","1"
"ELK CITY","1"
"GRANDVILLE","1"
"BATESVILLE","1"
"CISCO","1"
"RICHMOND HILL","1"
"LOS ANGLES","1"
"Canton","1"
"IOWA CITY","1"
"NEW TERRITORIES HONG KONG","1"
"Greenwich","1"
"Indianapolis","1"
"WACO","1"
"Austin","1"
"BENSENVILLE","1"
"Laguna Hills","1"
"BOLINGBROOK","1"
"Houston","1"
"VERNON HILLS","1"
"WINDSOR","1"
"SAINT PETERSBURG","1"
"HEIDELBERG","1"
"Toronto, Ontario","1"
"MONROE TOWNSHIP","1"
"APODACA, NUEVO LE?N","1"
"HAIDIAN DISTRICT, BEIJING,","1"
"WINTER SPRINGS","1"
"NORTHVILLE","1"
"LYNNWOOD","1"
"BOERNE","1"
"PINE MOUNTAIN","1"
"HAZARD","1"
"151 24, MAROUSSI","1"
"GREEN COVE SPRINGS","1"
"SETAGAYA-KU, TOKYO","1"
"HERTZLIYA","1"
"HAMILTON, HM 08","1"
"ST.LOUIS","1"
"JAMAICA","1"
"MT KISCO","1"
"HAMILTON BERMUDA","1"
"STOUGHTON","1"
"DUNDALK, COUNTY LOUTH","1"
"SEOUL100-102","1"
"BAYONNE","1"
"LIMA 33","1"
"MCCLELLAN PARK","1"
"CHARLES TOWN","1"
"SOUTH ORANGE","1"
"AIRPORT CITY","1"
"SHARON","1"
"LUGANO","1"
"RANCHO CORDOVA","1"
"FAIRMONT","1"
"CHAOYANG DISTRICT, BEIJING,","1"
"CORONA DEL MAR","1"
"WILLIAMSBURG","1"
"DORADO","1"
"VACAVILLE","1"
"WOODLAND PARK","1"
"BALLERUP","1"
"WASHINGTON TOWNSHIP","1"
"CYPRESS","1"
"MECHANICSBURG","1"
"CHANGPING DISTRICT BEIJING","1"
"MASON","1"
"HENAN PROVINCE","1"
"OXFORD","1"
"POTOMAC","1"
"HONG KONG ISLAND","1"
"BLUE ISLAND","1"
"CONWAY","1"
"BAD HOMBURG","1"
"CHU-NAN","1"
"NAGOYA, AICHI 450-6101","1"
"EAST SETAUKET","1"
"ROCHESTER HILLS","1"
"AZOOR","1"
"CALGARY ALBERTA T2C 1N6 CAN","1"
"DUNKIRK","1"
"151 25 MAROUSSI","1"
"MURRIETA","1"
"MANALAPAN","1"
"PANAMA CITY","1"
"MELBOURNE, VICTORIA","1"
"MIAMI,","1"
"QINGDAO SHANDONG PROVINCE","1"
"GUADALAJARA, JALISCO","1"
"JEFFERSON","1"
"WHITEFISH","1"
"SAO JOSE DOS CAMPOS","1"
"HEBEI PROVINCE,","1"
"HUNTINGTON","1"
"TOKYO 102-8452 JAPAN","1"
"HOD-HASHARON","1"
"COVINGTON,","1"
"BEIJING,","1"
"ACHESON","1"
"DENTON","1"
"RAMSEY","1"
"FORT BONIFACIO GLOBAL CITY","1"
"EDINBURGH EH1 2DH 0131","1"
"Santa Clarita","1"
"ENCINITAS","1"
"LOS ANGELES,","1"
"KITCHENER","1"
"CHATSWORTH,","1"
"BROOKFILED","1"
"HONG KONG.","1"
"STROUDSBURG","1"
"LUTZ","1"
"seattle","1"
"COLOMBES","1"
"LAKE SUCCESS","1"
"OSSIAN","1"
"NEWPORT BEACH,","1"
"SAO PAULO - SP","1"
"SOUTHAMPTON","1"
"BARTLETT","1"
"Boston","1"
"RIVERWOODS","1"
"HAMMOND","1"
"SHREVEPORT","1"
"CORPUS CHRISTI","1"
"SENECA","1"
"DONGGUAN, GUANGDONG PROVINCE","1"
"MIAMI LAKES","1"
"MP Menashe","1"
"Bogota D.C.","1"
"TERREBONNE","1"
"Jerusalem","1"
"SYDNEY,","1"
"AMERICAN FORK","1"
"EDINA","1"
"EVANSTON","1"
"SCHIPHOL","1"
"WATSEKA","1"
"WALLACE","1"
"CLAREMONT","1"
"RUSTON","1"
"RIDGEFIELD","1"
"CAMBERWELL, VICTORIA","1"
"Buenos Aires","1"
"FORKED RIVER","1"
"GREER","1"
"COL. ZEDEC SANTA FE","1"
"NORTH BILLERICA","1"
"MORRIS","1"
"HAGATNA","1"
"SUITE 906 LOS ANGELES","1"
"Beijin","1"
"CORTE MADERA","1"
"Guangzhou","1"
"MOUNTLAKE TERRACE","1"
"SOUTH VARRA, VIC","1"
"WILDER","1"
"CANOGA PARK","1"
"PORT JEFFERSON","1"
"NORTH BERGEN","1"
"HAIKOU CITY, HAINAN PROVINCE","1"
"Manchester","1"
"Manhattan Beach","1"
"NORTH CHICAGO","1"
"Miami","1"
"PLYMOUTH","1"
"D/FW AIRPORT","1"
"PORT ANGELES","1"
"New York","1"
"DAVIE","1"
"RIO PIEDRAS","1"
"ROCKAWAY","1"
"ANNAPOLIS","1"
"NAPA","1"
"ABERDEEN","1"
"MT. OLIVE","1"
"BASILDON, ESSEX","1"
"GAN YAVNE","1"
"WAUWATOSA","1"
"EL DORADO","1"
"ROWLETT","1"
"FRIEDBERG","1"
"CAESAREA","1"
"HUNTERSVILLE","1"
"GEORGETOWN","1"
"CLOVIS","1"
"HALTOM CITY","1"
"ZHEJIANG","1"
"ST. JAMES","1"
"LA MESA","1"
"MACON","1"
"LOUDON","1"
"CARMEL BY THE SEA","1"
"SAINT LAMBERT","1"
"YAVNE","1"
"DONGCHENG DISTRICT, BEIJING","1"
"PETACH-TIKVA","1"
"59200 KUALA LUMPUR","1"
"WUGUISHAN, ZHONGSHAN CITY","1"
"MARSEILLE","1"
"TUCKER","1"
"HAMILTON HM 11","1"
"DANA POINT","1"
"HARVARD","1"
"HILLIARD","1"
"WEATHERFORD","1"
"ANTWERP","1"
"HOOFDDORP","1"
"CARMICHAELS","1"
"MT. KISCO","1"
"Dover","1"
"MANNHEIM","1"
"OSWEGO","1"
"ISFIYA","1"
"CARPINTERIA","1"
"CHATILLON","1"
"NEW YORK,","1"
"DURANGO","1"
"ABINGDON, OXFORDSHIRE","1"
"GARDENA","1"
"MOKENA","1"
"MISSION VIEJO","1"
"ROSH-HA'AYIN","1"
"PARIS, LLE-DE-FRANCE","1"
"MOUNT-ROYAL","1"
"SAINT LOUIS","1"
"ARCADIA","1"
"WOODINVILLE","1"
"VONORE","1"
"PRATTVILLE","1"
"WILMETTE","1"
"MARANELLO","1"
"ORAN, CANKAYA, ANKARA","1"
"SHENZHEN CITY","1"
"UXBRIDGE","1"
"SISTERS","1"
"3584 CM UTRECHT","1"
"1015 LAUSANNE","1"
"WOKING","1"
"NORTH CHARLESTON","1"
"FLOYD","1"
"DUBLIN 1","1"
"CARLTON, VICTORIA","1"
"BELTSVILLE","1"
"STRATHAM","1"
"SHEFFIELD","1"
"WARWICK","1"
"FARGO","1"
"NEWCASTLE UPON TYNE","1"
"FOSHAN, GUANGDONG","1"
"ZWIJNAARDE","1"
"NAGOYA-SHI, AICHI","1"
"BURLESON","1"
"QINGDAO PILOT FREE TRADE ZONE","1"
"LITTLE FALLS","1"
"WOKING SURREY","1"
"EDINBURGH","1"
"CHENGDU, SICHUAN","1"
"CONCORD TOWNSHIP","1"
"ST PETER PORT","1"
"PORT ST. LUCIE","1"
"TAICHUNG","1"
"DOTHAN","1"
"HEFEI","1"
"TAIZHOU","1"
"FAIR LAWN","1"
"TEL-AVIV","1"
"ISLAND PARK","1"
"EAST WINDSOR","1"
"3 CHURCH STREET","1"
"SMITH FALLS","1"
"GENEVA 15","1"
"CUPAR","1"
"YOKNEAM","1"
"Z?RICH-SCHLIEREN","1"
"DORAVILLE","1"
"VALCOURT","1"
"POUGHKEEPSIE","1"
"NANPING","1"
"CHANGSHA, HUNAN","1"
"LVLIANG CITY","1"
"DAIX","1"
"ROSTOCK","1"
"LOOS","1"
"CHINO","1"
"WEXFORD","1"
"HULI DISTRICT, XIAMEN","1"
"CEDAR PARK","1"
"CEDARHURST","1"
"GRANT-VALKARIA","1"
"DUNEDIN","1"
"MAYVILLE","1"
"WELLESLEY HILLS","1"
"XUHUI, SHANGHAI","1"
"CANGSHAN DISTRICT, FUZHOU CITY","1"
"BROCKTON","1"
"FOUNTAIN VALLEY","1"
"BECKLEY","1"
"NOVA LIMA, MINAS GERAIS","1"
"EPALINGES","1"
"BUFORD","1"
"AMESBURY","1"
"BAINBRIDGE","1"
"LISHUI CITY","1"
"TEL-AVIV YAFO","1"
"SHENZHEN, GUAGDONG","1"
"DOYLESTOWN","1"
"BINJIANG DISTRICT, HANGZHOU","1"
"HUISHAN QU, WUXI SHI","1"
"SHENZHEN, GUANGDONG PROVINCE","1"
"WELTEVREDEN PARK","1"
"GRAND CAYMAN, GEORGE TOWN","1"
"GIG HARBOR","1"
"ZAPOPAN, JALISCO","1"
"NANSHAN, SHENZHEN","1"
"CENTRAL DISTRICT","1"
"PHILDELPHIA","1"
"NANSHAN DISTRICT","1"
"AMMAN","1"
"CHENGDU, SICHUAN PROVINCE","1"
"CENTER VALLEY","1"
"ASIA SQUARE TOWER 2","1"
"WEST SACRAMENTO","1"
"NANJIANG JIANGSU","1"
"PUDONG NEW DISTRICT, SHANGHAI","1"
"WILSONVILLE","1"
"SANTA FE","1"
"BROADVIEW HEIGHTS","1"
"BOWLING GREEN","1"
"GONGSHU, HANGZHOU, ZHEJIANG","1"
"COLLEGE PARK","1"
"HERZLIYA PITUACH","1"
"URUMQI, XINJIANG","1"
"OLIVETTE","1"
"BAINBRIDGE ISLAND","1"
"WENZHOU, ZHEJIANG","1"
"RIO DE JANEIRO, RJ","1"
"LEBLON-RIO DE JANEIRO","1"
"MEISHAN CITY, SICHUAN","1"
"HOERSHOLM","1"
"HERZLIYA PITUARCH","1"
"DIDCOT","1"
"NEW BRIDGE CENTRE","1"
"WESTLAKE VILLIAGE","1"
"CHAPIN","1"
"ASCHHEIM/MUNICH","1"
"ORANGE","1"
"GUILFORD","1"
"SAINT-JEROME","1"
"ALDERGROVE","1"
"WAUSAU","1"
"YANGZHOU","1"
"ROSH HAAIN","1"
"PETAH","1"
"ST. GALLEN","1"
"SAINT-HERBLAIN","1"
"PETALUMA","1"
"SAO PAULO, SAO PAULO","1"
"SALINAS","1"
"TEMPLE","1"
"UTRECHT","1"
"TRAVERSE CITY","1"
"WHITE BEAR LAKE","1"
"NAIROBI","1"
"GIVATAYIM","1"
"SKOKIE","1"
"KIBBUTZ GLIL-YAM","1"
"TEL AVIV-YAFO","1"
"CULLMAN","1"
"WILSON","1"
"EUNOS TECHPARK","1"
"ALTRINCHAM, CHESHIRE","1"
"GURUGRAM-HARYANA","1"
"COATESVILLE","1"
"HANGZHOU CITY","1"
"REYNOLDSBURG","1"
"MONT-SAINT-GUIBERT","1"
"8005 ZURICH","1"
"NEWTOWN SQUARE","1"
"XINYU CITY, JIANGXI PROVINCE","1"
"HOLYTOWN","1"
"1 COMMONWEALTH LANE","1"
"BRONX","1"
"NORTH PROVIDENCE","1"
"NORWEST NSW","1"
"QUARRY BAY","1"
"PALM BEACH GARDEN","1"
"GOTEBORG","1"
"BOUNTIFUL","1"
"YOKNE'AM ILLIT","1"
"NEW ROMNEY","1"
"HESPERIA","1"
"SHIBUYA-KU, TOKYO","1"
"NEW ROCHELLE","1"
"MONTEREY PARK","1"
"INNER MONGOLIA","1"
"VANCOUVER, BRITISH COLUMBIA","1"
"RAANANA","1"
"NINGBO, ZHEJIANG","1"
"CHEUNG SHA WAN, KOWLOON","1"
"WEYBRIDGE","1"
"TOLUCA LAKE","1"
"PALMETTO","1"
"GIBRALTAR","1"
"NY","1"
"KWUN TONG, KOWLOON,","1"
"GUELPH","1"
"PENSACOLA","1"
"TEL AVIV-JAFFA","1"
"TENERIFE","1"
"GLYFADA","1"
"OR AKIVA","1"
"GAOBEIDIAN, CHAOYANG, BEIJING","1"
"VAN WERT","1"
"BEE CAVE","1"
"SEMINOLE","1"
"SAN SALVADOR","1"
"NEW PORT RICHEY","1"
"SOUTH MELBOURNE VIC","1"
"SEVEN HILLS, NEW SOUTH WALES","1"
"GUANGDONG","1"
"GILBERT","1"
"STANTONSBURG","1"
"NINGBO","1"
"WAIALUA","1"
"WUXI, JIANGSU","1"
"NEPEAN","1"
"VANCOUVER, BC","1"
"UPLAND","1"
"TSUEN WAN, N.T.","1"
"WUXI","1"
"MACAU S.A.R","1"
"CARLTON VIC","1"
"FUTIAN DISTRICT, SHENZHEN","1"
"BOUND BROOK","1"
"WEST LEEDERVILLE","1"
"COINTRIN","1"
"GARLAND","1"
"ROTTERDAM","1"
"KWUN TONG, KOWLOON","1"
"SHANDONG","1"
"SHANDONG PROVINCE","1"
"DOUGLAS","1"
"BATTLE CREEK","1"
"COOTAMUNDRA","1"
"BROOKSHIRE","1"
"BEND","1"
"AGOURA HILLS","1"
"NORTH SYDNEY NSW","1"
"NINGDE","1"
"ST. PAUL","1"
"N. FALIRO","1"
"SAN PO KONG, KOWLOON","1"
"PERU","1"
"CELINA","1"
"HUNGHOM, KOWLOON","1"
"YEREVAN","1"
"LA PALMA","1"
"KEDAH DARUL AMAN","1"
"WALNUT","1"
"GUANAJUATO","1"
"STAINES-UPON-THAMES, SURREY","1"
"AUCKLAND","1"
"QUEENS","1"
"JILIN","1"
"NETANYA","1"
"QUEENSTOWN, TIONG BAHRU","1"
"AKTAU","1"
"PERTH, WA","1"
"COPENHAGEN V","1"
"GOUVERNEUR","1"
"GRAND ISLAND","1"
"REGINA, SASKATCHEWAN","1"
"ADELANTO","1"
"SHAH ALAM, SELANGOR","1"
"BANGKOK","1"
"QUEBEC CITY","1"
"MANLY","1"
"HUNG HOM, KOWLOON","1"
"ALMATY","1"
"WUXI CITY","1"
"SELANGOR DARUL EHSAN","1"
"HSINCHU CITY","1"
"GREATER LONDON","1"
"NAN'AN CITY","1"
"TIM SHA TSUI","1"
"MARSHALL","1"
"PAYA LEBAR","1"
"MALAYSIA","1"
"NEA KIFISSIA, ATHENS","1"
"BARANGAROO","1"
"ZHONGSHAN CITY","1"
"NANJING CITY, JIANGSU PROVINCE","1"
"CALGARY, ALBERTA","1"
"TIPP CITY","1"
"KANDAL PROVINCE","1"
"CHEUNG SHA WAN,","1"
"DAERAH KHUSUS IBUKOTA JAKARTA","1"
"JIAN CITY","1"
"KWAI CHUNG, HONG KONG","1"
"SICHUAN","1"
"HAINAN","1"
"SHANGHAI PILOT FREE TRADE ZONE","1"
